DATE,spindx
19941201,448.92
19941202,453.30
19941205,453.33
19941206,453.11
19941207,451.23
19941208,445.45
19941209,446.97
19941212,449.47
19941213,450.15
19941214,454.97
19941215,455.35
19941216,458.80
19941219,457.91
19941220,457.10
19941221,459.61
19941222,459.68
19941223,459.83
19941227,462.47
19941228,460.86
19941229,461.17
19941230,459.27
19950103,459.11
19950104,460.71
19950105,460.34
19950106,460.68
19950109,460.83
19950110,461.68
19950111,461.67
19950112,461.64
19950113,465.97
19950116,469.38
19950117,470.05
19950118,469.71
19950119,466.95
19950120,464.78
19950123,465.82
19950124,465.86
19950125,467.44
19950126,468.32
19950127,470.39
19950130,468.51
19950131,470.42
19950201,470.40
19950202,472.79
19950203,478.65
19950206,481.14
19950207,480.81
19950208,481.19
19950209,480.19
19950210,481.46
19950213,481.65
19950214,482.55
19950215,484.54
19950216,485.22
19950217,481.97
19950221,482.72
19950222,485.07
19950223,486.91
19950224,488.26
19950227,483.81
19950228,487.39
19950301,485.65
19950302,485.13
19950303,485.42
19950306,485.63
19950307,482.12
19950308,483.14
19950309,483.16
19950310,489.57
19950313,490.05
19950314,492.89
19950315,491.88
19950316,495.41
19950317,495.52
19950320,496.14
19950321,495.07
19950322,495.67
19950323,495.95
19950324,500.97
19950327,503.20
19950328,503.90
19950329,503.12
19950330,502.22
19950331,500.71
19950403,501.85
19950404,505.24
19950405,505.57
19950406,506.08
19950407,506.42
19950410,507.01
19950411,505.53
19950412,507.17
19950413,509.23
19950417,506.13
19950418,505.37
19950419,504.92
19950420,505.29
19950421,508.49
19950424,512.89
19950425,512.10
19950426,512.66
19950427,513.55
19950428,514.71
19950501,514.26
19950502,514.86
19950503,520.48
19950504,520.54
19950505,520.12
19950508,523.96
19950509,523.56
19950510,524.36
19950511,524.37
19950512,525.55
19950515,527.74
19950516,528.19
19950517,527.07
19950518,519.58
19950519,519.19
19950522,523.65
19950523,528.59
19950524,528.61
19950525,528.59
19950526,523.65
19950530,523.58
19950531,533.40
19950601,533.49
19950602,532.51
19950605,535.60
19950606,535.55
19950607,533.13
19950608,532.35
19950609,527.94
19950612,530.88
19950613,536.05
19950614,536.47
19950615,537.12
19950616,539.83
19950619,545.22
19950620,544.98
19950621,543.98
19950622,551.07
19950623,549.71
19950626,544.13
19950627,542.43
19950628,544.73
19950629,543.87
19950630,544.75
19950703,547.09
19950705,547.26
19950706,553.99
19950707,556.37
19950710,557.19
19950711,554.78
19950712,560.89
19950713,561.00
19950714,559.89
19950717,562.72
19950718,558.46
19950719,550.98
19950720,553.54
19950721,553.62
19950724,556.63
19950725,561.10
19950726,561.61
19950727,565.22
19950728,562.93
19950731,562.06
19950801,559.64
19950802,558.80
19950803,558.75
19950804,558.94
19950807,560.03
19950808,560.39
19950809,559.71
19950810,557.45
19950811,555.11
19950814,559.74
19950815,558.57
19950816,559.97
19950817,559.04
19950818,559.21
19950821,558.11
19950822,559.52
19950823,557.14
19950824,557.46
19950825,560.10
19950828,559.05
19950829,560.00
19950830,560.92
19950831,561.88
19950901,563.84
19950905,569.17
19950906,570.17
19950907,570.29
19950908,572.68
19950911,573.91
19950912,576.51
19950913,578.77
19950914,583.61
19950915,583.35
19950918,582.77
19950919,584.20
19950920,586.77
19950921,583.00
19950922,581.73
19950925,581.81
19950926,581.41
19950927,581.04
19950928,585.87
19950929,584.41
19951002,581.72
19951003,582.34
19951004,581.47
19951005,582.63
19951006,582.49
19951009,578.37
19951010,577.52
19951011,579.46
19951012,583.10
19951013,584.50
19951016,583.03
19951017,586.78
19951018,587.44
19951019,590.65
19951020,587.46
19951023,585.06
19951024,586.56
19951025,582.47
19951026,576.72
19951027,579.70
19951030,583.25
19951031,581.50
19951101,584.22
19951102,589.72
19951103,590.57
19951106,588.46
19951107,586.32
19951108,591.71
19951109,593.26
19951110,592.72
19951113,592.30
19951114,589.29
19951115,593.96
19951116,597.34
19951117,600.07
19951120,596.85
19951121,600.24
19951122,598.40
19951124,599.97
19951127,601.32
19951128,606.45
19951129,607.64
19951130,605.37
19951201,606.98
19951204,613.68
19951205,617.68
19951206,620.18
19951207,616.17
19951208,617.48
19951211,619.52
19951212,618.78
19951213,621.69
19951214,616.92
19951215,616.34
19951218,606.81
19951219,611.93
19951220,605.94
19951221,610.49
19951222,611.95
19951226,614.30
19951227,614.53
19951228,614.12
19951229,615.93
19960102,620.73
19960103,621.32
19960104,617.70
19960105,616.72
19960108,618.46
19960109,609.45
19960110,598.48
19960111,602.69
19960112,601.81
19960115,599.82
19960116,608.44
19960117,606.37
19960118,608.24
19960119,611.83
19960122,613.40
19960123,612.79
19960124,619.96
19960125,617.03
19960126,621.62
19960129,624.22
19960130,630.15
19960131,636.02
19960201,638.46
19960202,635.85
19960205,641.43
19960206,646.33
19960207,649.93
19960208,656.07
19960209,656.37
19960212,661.45
19960213,660.51
19960214,655.58
19960215,651.32
19960216,647.98
19960220,640.65
19960221,648.10
19960222,658.86
19960223,659.08
19960226,650.46
19960227,647.24
19960228,644.75
19960229,640.43
19960301,644.37
19960304,650.81
19960305,655.79
19960306,652.00
19960307,653.65
19960308,633.50
19960311,640.02
19960312,637.09
19960313,638.55
19960314,640.87
19960315,641.43
19960318,652.65
19960319,651.69
19960320,649.98
19960321,649.19
19960322,650.62
19960325,650.04
19960326,652.97
19960327,648.91
19960328,648.94
19960329,645.50
19960401,653.73
19960402,655.26
19960403,655.88
19960404,655.86
19960408,644.24
19960409,642.19
19960410,633.50
19960411,631.18
19960412,636.71
19960415,642.49
19960416,645.00
19960417,641.61
19960418,643.61
19960419,645.07
19960422,647.89
19960423,651.58
19960424,650.17
19960425,652.87
19960426,653.46
19960429,654.16
19960430,654.17
19960501,654.58
19960502,643.38
19960503,641.63
19960506,640.81
19960507,638.26
19960508,644.77
19960509,645.44
19960510,652.09
19960513,661.51
19960514,665.60
19960515,665.42
19960516,664.85
19960517,668.91
19960520,673.15
19960521,672.76
19960522,678.42
19960523,676.00
19960524,678.51
19960528,672.23
19960529,667.93
19960530,671.70
19960531,669.12
19960603,667.68
19960604,672.56
19960605,678.44
19960606,673.03
19960607,673.31
19960610,672.16
19960611,670.97
19960612,669.04
19960613,667.92
19960614,665.85
19960617,665.16
19960618,662.06
19960619,661.96
19960620,662.10
19960621,666.84
19960624,668.85
19960625,668.48
19960626,664.39
19960627,668.55
19960628,670.63
19960701,675.88
19960702,673.61
19960703,672.40
19960705,657.44
19960708,652.54
19960709,654.75
19960710,656.06
19960711,645.67
19960712,646.19
19960715,629.80
19960716,628.37
19960717,634.07
19960718,643.56
19960719,638.73
19960722,633.77
19960723,626.87
19960724,626.65
19960725,631.17
19960726,635.90
19960729,630.91
19960730,635.26
19960731,639.95
19960801,650.02
19960802,662.49
19960805,660.23
19960806,662.38
19960807,664.16
19960808,662.59
19960809,662.10
19960812,665.77
19960813,660.20
19960814,662.05
19960815,662.28
19960816,665.21
19960819,666.58
19960820,665.69
19960821,665.07
19960822,670.68
19960823,667.03
19960826,663.88
19960827,666.40
19960828,664.81
19960829,657.40
19960830,651.99
19960903,654.72
19960904,655.61
19960905,649.44
19960906,655.68
19960909,663.76
19960910,663.81
19960911,667.28
19960912,671.15
19960913,680.54
19960916,683.98
19960917,682.94
19960918,681.47
19960919,683.00
19960920,687.02
19960923,686.48
19960924,685.61
19960925,685.83
19960926,685.86
19960927,686.19
19960930,687.31
19961001,689.08
19961002,694.01
19961003,692.78
19961004,701.46
19961007,703.38
19961008,700.64
19961009,696.74
19961010,694.61
19961011,700.66
19961014,703.54
19961015,702.57
19961016,704.41
19961017,706.99
19961018,710.82
19961021,709.85
19961022,706.57
19961023,707.27
19961024,702.29
19961025,700.92
19961028,697.26
19961029,701.50
19961030,700.90
19961031,705.27
19961101,703.77
19961104,706.73
19961105,714.14
19961106,724.59
19961107,727.65
19961108,730.82
19961111,731.87
19961112,729.56
19961113,731.13
19961114,735.88
19961115,737.62
19961118,737.02
19961119,742.16
19961120,743.95
19961121,742.75
19961122,748.73
19961125,757.03
19961126,755.96
19961127,755.00
19961129,757.02
19961202,756.56
19961203,748.28
19961204,745.10
19961205,744.38
19961206,739.60
19961209,749.76
19961210,747.54
19961211,740.73
19961212,729.30
19961213,728.64
19961216,720.98
19961217,726.04
19961218,731.54
19961219,745.76
19961220,748.87
19961223,746.92
19961224,751.03
19961226,755.82
19961227,756.79
19961230,753.85
19961231,740.74
19970102,737.01
19970103,748.03
19970106,747.65
19970107,753.23
19970108,748.41
19970109,754.85
19970110,759.50
19970113,759.51
19970114,768.86
19970115,767.20
19970116,769.75
19970117,776.17
19970120,776.70
19970121,782.72
19970122,786.23
19970123,777.56
19970124,770.52
19970127,765.02
19970128,765.02
19970129,772.50
19970130,784.17
19970131,786.16
19970203,786.73
19970204,789.26
19970205,778.28
19970206,780.15
19970207,789.56
19970210,785.43
19970211,789.59
19970212,802.77
19970213,811.82
19970214,808.48
19970218,816.29
19970219,812.49
19970220,802.80
19970221,801.77
19970224,810.28
19970225,812.10
19970226,805.68
19970227,795.07
19970228,790.82
19970303,795.31
19970304,790.95
19970305,801.99
19970306,798.56
19970307,804.97
19970310,813.65
19970311,811.34
19970312,804.26
19970313,789.56
19970314,793.17
19970317,795.71
19970318,789.66
19970319,785.77
19970320,782.65
19970321,784.10
19970324,790.89
19970325,789.07
19970326,790.50
19970327,773.88
19970331,757.12
19970401,759.64
19970402,750.11
19970403,750.32
19970404,757.90
19970407,762.13
19970408,766.12
19970409,760.60
19970410,758.34
19970411,737.65
19970414,743.73
19970415,754.72
19970416,763.53
19970417,761.77
19970418,766.34
19970421,760.37
19970422,774.61
19970423,773.64
19970424,771.18
19970425,765.37
19970428,772.96
19970429,794.05
19970430,801.34
19970501,798.53
19970502,812.97
19970505,830.24
19970506,827.76
19970507,815.62
19970508,820.26
19970509,824.78
19970512,837.66
19970513,833.13
19970514,836.04
19970515,841.88
19970516,829.75
19970519,833.27
19970520,841.66
19970521,839.35
19970522,835.66
19970523,847.03
19970527,849.71
19970528,847.21
19970529,844.08
19970530,848.28
19970602,846.36
19970603,845.48
19970604,840.11
19970605,843.43
19970606,858.01
19970609,862.91
19970610,865.27
19970611,869.57
19970612,883.48
19970613,893.27
19970616,893.90
19970617,894.43
19970618,889.06
19970619,897.99
19970620,898.70
19970623,878.62
19970624,896.34
19970625,888.99
19970626,883.68
19970627,887.30
19970630,885.14
19970701,891.03
19970702,904.03
19970703,916.92
19970707,912.20
19970708,918.75
19970709,907.54
19970710,913.78
19970711,916.68
19970714,918.38
19970715,925.76
19970716,936.59
19970717,931.61
19970718,915.30
19970721,912.94
19970722,933.98
19970723,936.56
19970724,940.28
19970725,938.79
19970728,936.45
19970729,942.29
19970730,952.29
19970731,954.29
19970801,947.14
19970804,950.30
19970805,952.37
19970806,960.32
19970807,951.19
19970808,933.54
19970811,937.00
19970812,926.53
19970813,922.02
19970814,924.77
19970815,900.81
19970818,912.49
19970819,926.01
19970820,939.35
19970821,925.05
19970822,923.54
19970825,920.16
19970826,913.02
19970827,913.70
19970828,903.67
19970829,899.47
19970902,927.58
19970903,927.85
19970904,930.87
19970905,929.05
19970908,931.20
19970909,933.62
19970910,919.03
19970911,912.59
19970912,923.91
19970915,919.77
19970916,945.64
19970917,943.00
19970918,947.29
19970919,950.51
19970922,955.43
19970923,951.93
19970924,944.48
19970925,937.91
19970926,945.22
19970929,953.34
19970930,947.28
19971001,955.41
19971002,960.46
19971003,965.03
19971006,972.69
19971007,983.12
19971008,973.84
19971009,970.62
19971010,966.98
19971013,968.10
19971014,970.28
19971015,965.72
19971016,955.25
19971017,944.16
19971020,955.61
19971021,972.28
19971022,968.49
19971023,950.69
19971024,941.64
19971027,876.98
19971028,921.85
19971029,919.16
19971030,903.68
19971031,914.62
19971103,938.99
19971104,940.76
19971105,942.76
19971106,938.03
19971107,927.51
19971110,921.13
19971111,923.78
19971112,905.96
19971113,916.66
19971114,928.35
19971117,946.20
19971118,938.23
19971119,944.59
19971120,958.98
19971121,963.09
19971124,946.67
19971125,950.82
19971126,951.64
19971128,955.40
19971201,974.77
19971202,971.68
19971203,976.77
19971204,973.10
19971205,983.79
19971208,982.37
19971209,975.78
19971210,969.79
19971211,954.94
19971212,953.39
19971215,963.39
19971216,968.04
19971217,965.54
19971218,955.30
19971219,946.78
19971222,953.70
19971223,939.12
19971224,932.70
19971226,936.46
19971229,953.36
19971230,970.84
19971231,970.43
19980102,975.04
19980105,977.07
19980106,966.58
19980107,964.00
19980108,956.04
19980109,927.69
19980112,939.21
19980113,952.12
19980114,957.94
19980115,950.73
19980116,961.51
19980120,978.60
19980121,970.81
19980122,963.04
19980123,957.58
19980126,956.95
19980127,969.02
19980128,977.46
19980129,985.49
19980130,980.28
19980202,1001.27
19980203,1005.99
19980204,1006.90
19980205,1003.54
19980206,1012.46
19980209,1010.74
19980210,1019.01
19980211,1020.01
19980212,1024.14
19980213,1020.09
19980217,1022.76
19980218,1032.08
19980219,1028.28
19980220,1034.21
19980223,1038.14
19980224,1030.56
19980225,1042.90
19980226,1048.67
19980227,1049.34
19980302,1047.70
19980303,1052.02
19980304,1047.33
19980305,1035.04
19980306,1055.69
19980309,1052.31
19980310,1064.25
19980311,1068.47
19980312,1069.92
19980313,1068.61
19980316,1079.27
19980317,1080.45
19980318,1085.52
19980319,1089.74
19980320,1099.16
19980323,1095.55
19980324,1105.65
19980325,1101.92
19980326,1100.80
19980327,1095.44
19980330,1093.55
19980331,1101.75
19980401,1108.15
19980402,1120.01
19980403,1122.70
19980406,1121.39
19980407,1109.55
19980408,1101.65
19980409,1110.67
19980413,1109.69
19980414,1115.75
19980415,1119.32
19980416,1108.17
19980417,1122.72
19980420,1123.65
19980421,1126.67
19980422,1130.54
19980423,1119.58
19980424,1107.90
19980427,1086.54
19980428,1085.11
19980429,1094.62
19980430,1111.75
19980501,1121.00
19980504,1122.07
19980505,1115.50
19980506,1104.92
19980507,1095.14
19980508,1108.14
19980511,1106.64
19980512,1115.79
19980513,1118.86
19980514,1117.37
19980515,1108.73
19980518,1105.82
19980519,1109.52
19980520,1119.06
19980521,1114.64
19980522,1110.47
19980526,1094.02
19980527,1092.23
19980528,1097.59
19980529,1090.82
19980601,1090.98
19980602,1093.22
19980603,1082.73
19980604,1094.83
19980605,1113.86
19980608,1115.72
19980609,1118.41
19980610,1112.28
19980611,1094.58
19980612,1098.84
19980615,1077.01
19980616,1087.59
19980617,1107.10
19980618,1106.37
19980619,1100.65
19980622,1103.21
19980623,1119.49
19980624,1132.88
19980625,1129.28
19980626,1133.20
19980629,1138.49
19980630,1133.84
19980701,1148.56
19980702,1146.42
19980706,1157.31
19980707,1154.66
19980708,1166.37
19980709,1158.56
19980710,1164.33
19980713,1165.19
19980714,1177.58
19980715,1174.81
19980716,1183.99
19980717,1186.75
19980720,1184.10
19980721,1165.07
19980722,1164.08
19980723,1139.75
19980724,1140.80
19980727,1147.27
19980728,1130.24
19980729,1125.21
19980730,1142.95
19980731,1120.67
19980803,1112.44
19980804,1072.12
19980805,1081.43
19980806,1089.63
19980807,1089.45
19980810,1083.14
19980811,1068.98
19980812,1084.22
19980813,1074.91
19980814,1062.75
19980817,1083.67
19980818,1101.20
19980819,1098.06
19980820,1091.60
19980821,1081.18
19980824,1088.14
19980825,1092.86
19980826,1084.19
19980827,1042.59
19980828,1027.14
19980831,957.28
19980901,994.24
19980902,990.48
19980903,982.26
19980904,973.89
19980908,1023.46
19980909,1006.20
19980910,980.19
19980911,1009.06
19980914,1029.72
19980915,1037.68
19980916,1045.48
19980917,1018.87
19980918,1020.09
19980921,1023.89
19980922,1029.63
19980923,1066.09
19980924,1042.72
19980925,1044.75
19980928,1048.69
19980929,1049.02
19980930,1017.01
19981001,986.39
19981002,1002.60
19981005,988.56
19981006,984.59
19981007,970.68
19981008,959.44
19981009,984.39
19981012,997.71
19981013,994.80
19981014,1005.53
19981015,1047.50
19981016,1056.42
19981019,1062.39
19981020,1063.93
19981021,1069.92
19981022,1078.48
19981023,1070.67
19981026,1072.32
19981027,1065.34
19981028,1068.09
19981029,1085.93
19981030,1098.67
19981102,1111.60
19981103,1110.84
19981104,1118.67
19981105,1133.85
19981106,1141.01
19981109,1130.20
19981110,1128.26
19981111,1120.97
19981112,1117.69
19981113,1125.72
19981116,1135.86
19981117,1139.32
19981118,1144.48
19981119,1152.61
19981120,1163.55
19981123,1188.21
19981124,1182.99
19981125,1186.87
19981127,1192.29
19981130,1163.63
19981201,1175.28
19981202,1171.25
19981203,1150.14
19981204,1176.74
19981207,1187.70
19981208,1181.38
19981209,1183.49
19981210,1165.02
19981211,1166.46
19981214,1141.20
19981215,1162.83
19981216,1161.94
19981217,1179.98
19981218,1188.03
19981221,1202.84
19981222,1203.57
19981223,1228.54
19981224,1226.27
19981228,1225.49
19981229,1241.81
19981230,1231.93
19981231,1229.23
19990104,1228.10
19990105,1244.78
19990106,1272.34
19990107,1269.73
19990108,1275.09
19990111,1263.88
19990112,1239.51
19990113,1234.40
19990114,1212.19
19990115,1243.26
19990119,1252.00
19990120,1256.62
19990121,1235.16
19990122,1225.19
19990125,1233.98
19990126,1252.31
19990127,1243.17
19990128,1265.37
19990129,1279.64
19990201,1273.00
19990202,1261.99
19990203,1272.07
19990204,1248.49
19990205,1239.40
19990208,1243.77
19990209,1216.14
19990210,1223.55
19990211,1254.04
19990212,1230.13
19990216,1241.87
19990217,1224.03
19990218,1237.28
19990219,1239.22
19990222,1272.14
19990223,1271.18
19990224,1253.41
19990225,1245.02
19990226,1238.33
19990301,1236.16
19990302,1225.50
19990303,1227.70
19990304,1246.64
19990305,1275.47
19990308,1282.73
19990309,1279.84
19990310,1286.84
19990311,1297.68
19990312,1294.59
19990315,1307.26
19990316,1306.38
19990317,1297.82
19990318,1316.55
19990319,1299.29
19990322,1297.01
19990323,1262.14
19990324,1268.59
19990325,1289.99
19990326,1282.80
19990329,1310.17
19990330,1300.75
19990331,1286.37
19990401,1293.72
19990405,1321.12
19990406,1317.89
19990407,1326.89
19990408,1343.98
19990409,1348.35
19990412,1358.64
19990413,1349.82
19990414,1328.44
19990415,1322.86
19990416,1319.00
19990419,1289.48
19990420,1306.17
19990421,1336.12
19990422,1358.82
19990423,1356.85
19990426,1360.04
19990427,1362.80
19990428,1350.91
19990429,1342.83
19990430,1335.18
19990503,1354.63
19990504,1332.00
19990505,1347.31
19990506,1332.05
19990507,1345.00
19990510,1340.30
19990511,1355.61
19990512,1364.00
19990513,1367.56
19990514,1337.80
19990517,1339.49
19990518,1333.32
19990519,1344.23
19990520,1338.83
19990521,1330.29
19990524,1306.65
19990525,1284.40
19990526,1304.76
19990527,1281.41
19990528,1301.84
19990601,1294.26
19990602,1294.81
19990603,1299.54
19990604,1327.75
19990607,1334.52
19990608,1317.33
19990609,1318.64
19990610,1302.82
19990611,1293.64
19990614,1294.00
19990615,1301.16
19990616,1330.41
19990617,1339.90
19990618,1342.84
19990621,1349.00
19990622,1335.88
19990623,1333.06
19990624,1315.78
19990625,1315.31
19990628,1331.35
19990629,1351.45
19990630,1372.71
19990701,1380.96
19990702,1391.22
19990706,1388.12
19990707,1395.86
19990708,1394.42
19990709,1403.28
19990712,1399.10
19990713,1393.56
19990714,1398.17
19990715,1409.62
19990716,1418.78
19990719,1407.65
19990720,1377.10
19990721,1379.29
19990722,1360.97
19990723,1356.94
19990726,1347.76
19990727,1362.84
19990728,1365.40
19990729,1341.03
19990730,1328.72
19990802,1328.05
19990803,1322.18
19990804,1305.33
19990805,1313.71
19990806,1300.29
19990809,1297.80
19990810,1281.43
19990811,1301.93
19990812,1298.16
19990813,1327.68
19990816,1330.77
19990817,1344.16
19990818,1332.84
19990819,1323.59
19990820,1336.61
19990823,1360.22
19990824,1363.50
19990825,1381.79
19990826,1362.01
19990827,1348.27
19990830,1324.02
19990831,1320.41
19990901,1331.07
19990902,1319.11
19990903,1357.24
19990907,1350.45
19990908,1344.15
19990909,1347.66
19990910,1351.66
19990913,1344.13
19990914,1336.29
19990915,1317.97
19990916,1318.48
19990917,1335.42
19990920,1335.53
19990921,1307.58
19990922,1310.51
19990923,1280.41
19990924,1277.36
19990927,1283.31
19990928,1282.20
19990929,1268.37
19990930,1282.71
19991001,1282.81
19991004,1304.60
19991005,1301.35
19991006,1325.40
19991007,1317.64
19991008,1336.02
19991011,1335.21
19991012,1313.04
19991013,1285.55
19991014,1283.42
19991015,1247.41
19991018,1254.13
19991019,1261.32
19991020,1289.43
19991021,1283.61
19991022,1301.65
19991025,1293.63
19991026,1281.91
19991027,1296.71
19991028,1342.44
19991029,1362.93
19991101,1354.12
19991102,1347.74
19991103,1354.93
19991104,1362.64
19991105,1370.23
19991108,1377.01
19991109,1365.28
19991110,1373.46
19991111,1381.46
19991112,1396.06
19991115,1394.39
19991116,1420.07
19991117,1410.71
19991118,1424.94
19991119,1422.00
19991122,1420.94
19991123,1404.64
19991124,1417.08
19991126,1416.62
19991129,1407.83
19991130,1388.91
19991201,1397.72
19991202,1409.04
19991203,1433.30
19991206,1423.33
19991207,1409.17
19991208,1403.88
19991209,1408.11
19991210,1417.04
19991213,1415.22
19991214,1403.17
19991215,1413.32
19991216,1418.78
19991217,1421.03
19991220,1418.09
19991221,1433.43
19991222,1436.13
19991223,1458.34
19991227,1457.10
19991228,1457.66
19991229,1463.46
19991230,1464.47
19991231,1469.25
20000103,1455.22
20000104,1399.42
20000105,1402.11
20000106,1403.45
20000107,1441.47
20000110,1457.60
20000111,1438.56
20000112,1432.25
20000113,1449.68
20000114,1465.15
20000118,1455.14
20000119,1455.90
20000120,1445.57
20000121,1441.36
20000124,1401.53
20000125,1410.03
20000126,1404.09
20000127,1398.56
20000128,1360.16
20000131,1394.46
20000201,1409.28
20000202,1409.12
20000203,1424.97
20000204,1424.37
20000207,1424.24
20000208,1441.72
20000209,1411.70
20000210,1416.83
20000211,1387.12
20000214,1389.94
20000215,1402.05
20000216,1387.67
20000217,1388.26
20000218,1346.09
20000222,1352.17
20000223,1360.69
20000224,1353.43
20000225,1333.36
20000228,1348.05
20000229,1366.42
20000301,1379.19
20000302,1381.76
20000303,1409.17
20000306,1391.28
20000307,1355.62
20000308,1366.70
20000309,1401.69
20000310,1395.07
20000313,1383.62
20000314,1359.15
20000315,1392.15
20000316,1458.47
20000317,1464.47
20000320,1456.63
20000321,1493.87
20000322,1500.64
20000323,1527.35
20000324,1527.46
20000327,1523.86
20000328,1507.73
20000329,1508.52
20000330,1487.92
20000331,1498.58
20000403,1505.97
20000404,1494.73
20000405,1487.37
20000406,1501.34
20000407,1516.35
20000410,1504.46
20000411,1500.59
20000412,1467.17
20000413,1440.51
20000414,1356.56
20000417,1401.44
20000418,1441.61
20000419,1427.47
20000420,1434.54
20000424,1429.86
20000425,1477.44
20000426,1460.99
20000427,1464.92
20000428,1452.43
20000501,1468.25
20000502,1446.29
20000503,1415.10
20000504,1409.57
20000505,1432.63
20000508,1424.17
20000509,1412.14
20000510,1383.05
20000511,1407.81
20000512,1420.96
20000515,1452.36
20000516,1466.04
20000517,1447.80
20000518,1437.21
20000519,1406.95
20000522,1400.72
20000523,1373.86
20000524,1399.05
20000525,1381.52
20000526,1378.02
20000530,1422.45
20000531,1420.60
20000601,1448.81
20000602,1477.26
20000605,1467.63
20000606,1457.84
20000607,1471.36
20000608,1461.67
20000609,1456.95
20000612,1446.00
20000613,1469.44
20000614,1470.54
20000615,1478.73
20000616,1464.46
20000619,1486.00
20000620,1475.95
20000621,1479.13
20000622,1452.18
20000623,1441.48
20000626,1455.31
20000627,1450.55
20000628,1454.82
20000629,1442.39
20000630,1454.60
20000703,1469.54
20000705,1446.23
20000706,1456.67
20000707,1478.90
20000710,1475.62
20000711,1480.88
20000712,1492.92
20000713,1495.84
20000714,1509.98
20000717,1510.49
20000718,1493.74
20000719,1481.96
20000720,1495.57
20000721,1480.19
20000724,1464.29
20000725,1474.47
20000726,1452.42
20000727,1449.62
20000728,1419.89
20000731,1430.83
20000801,1438.10
20000802,1438.70
20000803,1452.56
20000804,1462.93
20000807,1479.32
20000808,1482.80
20000809,1472.87
20000810,1460.25
20000811,1471.84
20000814,1491.56
20000815,1484.43
20000816,1479.85
20000817,1496.07
20000818,1491.72
20000821,1499.48
20000822,1498.13
20000823,1505.97
20000824,1508.31
20000825,1506.45
20000828,1514.09
20000829,1509.84
20000830,1502.59
20000831,1517.68
20000901,1520.77
20000905,1507.08
20000906,1492.25
20000907,1502.51
20000908,1494.50
20000911,1489.26
20000912,1481.99
20000913,1484.91
20000914,1480.87
20000915,1465.81
20000918,1444.51
20000919,1459.90
20000920,1451.34
20000921,1449.05
20000922,1448.72
20000925,1439.03
20000926,1427.21
20000927,1426.57
20000928,1458.29
20000929,1436.51
20001002,1436.23
20001003,1426.46
20001004,1434.32
20001005,1436.28
20001006,1408.99
20001009,1402.03
20001010,1387.02
20001011,1364.59
20001012,1329.78
20001013,1374.17
20001016,1374.62
20001017,1349.97
20001018,1342.13
20001019,1388.76
20001020,1396.93
20001023,1395.78
20001024,1398.13
20001025,1364.90
20001026,1364.44
20001027,1379.58
20001030,1398.66
20001031,1429.40
20001101,1421.22
20001102,1428.32
20001103,1426.69
20001106,1432.19
20001107,1431.87
20001108,1409.28
20001109,1400.14
20001110,1365.98
20001113,1351.26
20001114,1382.95
20001115,1389.81
20001116,1372.32
20001117,1367.72
20001120,1342.62
20001121,1347.35
20001122,1322.36
20001124,1341.77
20001127,1348.97
20001128,1336.09
20001129,1341.93
20001130,1314.95
20001201,1315.23
20001204,1324.97
20001205,1376.54
20001206,1351.46
20001207,1343.55
20001208,1369.89
20001211,1380.20
20001212,1371.18
20001213,1359.99
20001214,1340.93
20001215,1312.15
20001218,1322.74
20001219,1305.60
20001220,1264.74
20001221,1274.86
20001222,1305.97
20001226,1315.19
20001227,1328.92
20001228,1334.22
20001229,1320.28
20010102,1283.27
20010103,1347.56
20010104,1333.34
20010105,1298.35
20010108,1295.86
20010109,1300.80
20010110,1313.27
20010111,1326.82
20010112,1318.32
20010116,1326.65
20010117,1329.47
20010118,1347.97
20010119,1342.54
20010122,1342.90
20010123,1360.40
20010124,1364.30
20010125,1357.51
20010126,1354.95
20010129,1364.17
20010130,1373.73
20010131,1366.01
20010201,1373.47
20010202,1349.47
20010205,1354.31
20010206,1352.26
20010207,1340.89
20010208,1332.53
20010209,1314.76
20010212,1330.31
20010213,1318.80
20010214,1315.92
20010215,1326.61
20010216,1301.53
20010220,1278.94
20010221,1255.27
20010222,1252.82
20010223,1245.86
20010226,1267.65
20010227,1257.94
20010228,1239.94
20010301,1241.23
20010302,1234.18
20010305,1241.41
20010306,1253.80
20010307,1261.89
20010308,1264.74
20010309,1233.42
20010312,1180.16
20010313,1197.66
20010314,1166.71
20010315,1173.56
20010316,1150.53
20010319,1170.81
20010320,1142.62
20010321,1122.14
20010322,1117.58
20010323,1139.83
20010326,1152.69
20010327,1182.17
20010328,1153.29
20010329,1147.95
20010330,1160.33
20010402,1145.87
20010403,1106.46
20010404,1103.25
20010405,1151.44
20010406,1128.43
20010409,1137.59
20010410,1168.38
20010411,1165.89
20010412,1183.50
20010416,1179.68
20010417,1191.81
20010418,1238.16
20010419,1253.70
20010420,1242.98
20010423,1224.36
20010424,1209.47
20010425,1228.75
20010426,1234.52
20010427,1253.05
20010430,1249.46
20010501,1266.44
20010502,1267.43
20010503,1248.58
20010504,1266.61
20010507,1263.51
20010508,1261.20
20010509,1255.54
20010510,1255.18
20010511,1245.67
20010514,1248.92
20010515,1249.44
20010516,1284.99
20010517,1288.49
20010518,1291.96
20010521,1312.83
20010522,1309.38
20010523,1289.05
20010524,1293.17
20010525,1277.89
20010529,1267.93
20010530,1248.08
20010531,1255.82
20010601,1260.67
20010604,1267.11
20010605,1283.57
20010606,1270.03
20010607,1276.96
20010608,1264.96
20010611,1254.39
20010612,1255.85
20010613,1241.60
20010614,1219.87
20010615,1214.36
20010618,1208.43
20010619,1212.58
20010620,1223.14
20010621,1237.04
20010622,1225.35
20010625,1218.60
20010626,1216.76
20010627,1211.07
20010628,1226.20
20010629,1224.42
20010702,1236.71
20010703,1234.45
20010705,1219.24
20010706,1190.59
20010709,1198.78
20010710,1181.52
20010711,1180.18
20010712,1208.14
20010713,1215.68
20010716,1202.45
20010717,1214.44
20010718,1207.71
20010719,1215.02
20010720,1210.85
20010723,1191.03
20010724,1171.65
20010725,1190.49
20010726,1202.93
20010727,1205.82
20010730,1204.52
20010731,1211.23
20010801,1215.93
20010802,1220.75
20010803,1214.35
20010806,1200.48
20010807,1204.40
20010808,1183.53
20010809,1183.43
20010810,1190.16
20010813,1191.29
20010814,1186.73
20010815,1178.02
20010816,1181.66
20010817,1161.97
20010820,1171.41
20010821,1157.26
20010822,1165.31
20010823,1162.09
20010824,1184.93
20010827,1179.21
20010828,1161.51
20010829,1148.60
20010830,1129.03
20010831,1133.58
20010904,1132.94
20010905,1131.74
20010906,1106.40
20010907,1085.78
20010910,1092.54
20010917,1038.77
20010918,1032.74
20010919,1016.10
20010920,984.54
20010921,965.80
20010924,1003.45
20010925,1012.27
20010926,1007.04
20010927,1018.61
20010928,1040.94
20011001,1038.55
20011002,1051.33
20011003,1072.28
20011004,1069.63
20011005,1071.38
20011008,1062.44
20011009,1056.75
20011010,1080.99
20011011,1097.43
20011012,1091.65
20011015,1089.98
20011016,1097.54
20011017,1077.09
20011018,1068.61
20011019,1073.48
20011022,1089.90
20011023,1084.78
20011024,1085.20
20011025,1100.09
20011026,1104.61
20011029,1078.30
20011030,1059.79
20011031,1059.78
20011101,1084.10
20011102,1087.20
20011105,1102.84
20011106,1118.86
20011107,1115.80
20011108,1118.54
20011109,1120.31
20011112,1118.33
20011113,1139.09
20011114,1141.21
20011115,1142.24
20011116,1138.65
20011119,1151.06
20011120,1142.66
20011121,1137.03
20011123,1150.34
20011126,1157.42
20011127,1149.50
20011128,1128.52
20011129,1140.20
20011130,1139.45
20011203,1129.90
20011204,1144.80
20011205,1170.35
20011206,1167.10
20011207,1158.31
20011210,1139.93
20011211,1136.76
20011212,1137.07
20011213,1119.38
20011214,1123.09
20011217,1134.36
20011218,1142.92
20011219,1149.56
20011220,1139.93
20011221,1144.89
20011224,1144.65
20011226,1149.37
20011227,1157.13
20011228,1161.02
20011231,1148.08
20020102,1154.67
20020103,1165.27
20020104,1172.51
20020107,1164.89
20020108,1160.71
20020109,1155.14
20020110,1156.55
20020111,1145.60
20020114,1138.41
20020115,1146.19
20020116,1127.57
20020117,1138.88
20020118,1127.58
20020122,1119.31
20020123,1128.18
20020124,1132.15
20020125,1133.28
20020128,1133.06
20020129,1100.64
20020130,1113.57
20020131,1130.20
20020201,1122.20
20020204,1094.44
20020205,1090.02
20020206,1083.51
20020207,1080.17
20020208,1096.22
20020211,1111.94
20020212,1107.50
20020213,1118.51
20020214,1116.48
20020215,1104.18
20020219,1083.34
20020220,1097.98
20020221,1080.95
20020222,1089.84
20020225,1109.43
20020226,1109.38
20020227,1109.89
20020228,1106.73
20020301,1131.78
20020304,1153.84
20020305,1146.14
20020306,1162.77
20020307,1157.54
20020308,1164.31
20020311,1168.26
20020312,1165.58
20020313,1154.09
20020314,1153.04
20020315,1166.16
20020318,1165.55
20020319,1170.29
20020320,1151.85
20020321,1153.59
20020322,1148.70
20020325,1131.87
20020326,1138.49
20020327,1144.58
20020328,1147.39
20020401,1146.54
20020402,1136.76
20020403,1125.40
20020404,1126.34
20020405,1122.73
20020408,1125.29
20020409,1117.80
20020410,1130.47
20020411,1103.69
20020412,1111.01
20020415,1102.55
20020416,1128.37
20020417,1126.07
20020418,1124.47
20020419,1125.17
20020422,1107.83
20020423,1100.96
20020424,1093.14
20020425,1091.48
20020426,1076.32
20020429,1065.45
20020430,1076.92
20020501,1086.46
20020502,1084.56
20020503,1073.43
20020506,1052.67
20020507,1049.49
20020508,1088.85
20020509,1073.01
20020510,1054.99
20020513,1074.56
20020514,1097.28
20020515,1091.07
20020516,1098.23
20020517,1106.59
20020520,1091.88
20020521,1079.88
20020522,1086.02
20020523,1097.08
20020524,1083.82
20020528,1074.55
20020529,1067.66
20020530,1064.66
20020531,1067.14
20020603,1040.68
20020604,1040.69
20020605,1049.90
20020606,1029.15
20020607,1027.53
20020610,1030.74
20020611,1013.60
20020612,1020.26
20020613,1009.56
20020614,1007.27
20020617,1036.17
20020618,1037.14
20020619,1019.99
20020620,1006.29
20020621,989.14
20020624,992.72
20020625,976.14
20020626,973.53
20020627,990.64
20020628,989.81
20020701,968.65
20020702,948.09
20020703,953.99
20020705,989.03
20020708,976.98
20020709,952.83
20020710,920.47
20020711,927.37
20020712,921.39
20020715,917.93
20020716,901.05
20020717,906.04
20020718,881.56
20020719,847.76
20020722,819.85
20020723,797.70
20020724,843.42
20020725,838.68
20020726,852.84
20020729,898.96
20020730,902.78
20020731,911.62
20020801,884.66
20020802,864.24
20020805,834.60
20020806,859.57
20020807,876.77
20020808,905.46
20020809,908.64
20020812,903.80
20020813,884.21
20020814,919.62
20020815,930.25
20020816,928.77
20020819,950.72
20020820,937.43
20020821,949.36
20020822,962.70
20020823,940.86
20020826,947.95
20020827,934.82
20020828,917.87
20020829,917.80
20020830,916.07
20020903,878.02
20020904,893.40
20020905,879.15
20020906,893.92
20020909,902.96
20020910,909.58
20020911,909.45
20020912,886.91
20020913,889.81
20020916,891.10
20020917,873.52
20020918,869.46
20020919,843.32
20020920,845.39
20020923,833.70
20020924,819.29
20020925,839.66
20020926,854.95
20020927,827.37
20020930,815.29
20021001,847.91
20021002,827.91
20021003,818.95
20021004,800.58
20021007,785.28
20021008,798.55
20021009,776.76
20021010,803.92
20021011,835.32
20021014,841.44
20021015,881.27
20021016,860.02
20021017,879.20
20021018,884.39
20021021,899.72
20021022,890.16
20021023,896.14
20021024,882.50
20021025,897.65
20021028,890.23
20021029,882.15
20021030,890.71
20021031,885.76
20021101,900.96
20021104,908.34
20021105,915.39
20021106,923.76
20021107,902.65
20021108,894.74
20021111,876.19
20021112,882.95
20021113,882.53
20021114,904.27
20021115,909.83
20021118,900.36
20021119,896.74
20021120,914.15
20021121,933.76
20021122,930.55
20021125,932.88
20021126,913.31
20021127,938.87
20021129,936.31
20021202,934.53
20021203,920.75
20021204,917.57
20021205,906.55
20021206,912.23
20021209,892.00
20021210,904.45
20021211,904.96
20021212,901.59
20021213,889.48
20021216,910.40
20021217,902.99
20021218,891.12
20021219,884.25
20021220,895.75
20021223,897.38
20021224,892.47
20021226,889.66
20021227,875.40
20021230,879.39
20021231,879.82
20030102,909.03
20030103,908.59
20030106,929.01
20030107,922.93
20030108,909.93
20030109,927.58
20030110,927.57
20030113,926.26
20030114,931.66
20030115,918.22
20030116,914.60
20030117,901.78
20030121,887.62
20030122,878.36
20030123,887.34
20030124,861.40
20030127,847.48
20030128,858.54
20030129,864.36
20030130,844.61
20030131,855.70
20030203,860.32
20030204,848.20
20030205,843.59
20030206,838.15
20030207,829.69
20030210,835.97
20030211,829.20
20030212,818.68
20030213,817.37
20030214,834.89
20030218,851.17
20030219,845.13
20030220,837.10
20030221,848.17
20030224,832.58
20030225,838.57
20030226,827.55
20030227,837.28
20030228,841.15
20030303,834.81
20030304,821.99
20030305,829.85
20030306,822.10
20030307,828.89
20030310,807.48
20030311,800.73
20030312,804.19
20030313,831.90
20030314,833.27
20030317,862.79
20030318,866.45
20030319,874.02
20030320,875.67
20030321,895.79
20030324,864.23
20030325,874.74
20030326,869.95
20030327,868.52
20030328,863.50
20030331,848.18
20030401,858.48
20030402,880.90
20030403,876.45
20030404,878.85
20030407,879.93
20030408,878.29
20030409,865.99
20030410,871.58
20030411,868.30
20030414,885.23
20030415,890.81
20030416,879.91
20030417,893.58
20030421,892.01
20030422,911.37
20030423,919.02
20030424,911.43
20030425,898.81
20030428,914.84
20030429,917.84
20030430,916.92
20030501,916.30
20030502,930.08
20030505,926.55
20030506,934.39
20030507,929.62
20030508,920.27
20030509,933.41
20030512,945.11
20030513,942.30
20030514,939.28
20030515,946.67
20030516,944.30
20030519,920.77
20030520,919.73
20030521,923.42
20030522,931.87
20030523,933.22
20030527,951.48
20030528,953.22
20030529,949.64
20030530,963.59
20030602,967.00
20030603,971.56
20030604,986.24
20030605,990.14
20030606,987.76
20030609,975.93
20030610,984.84
20030611,997.48
20030612,998.51
20030613,988.61
20030616,1010.74
20030617,1011.66
20030618,1010.09
20030619,994.70
20030620,995.69
20030623,981.64
20030624,983.44
20030625,975.31
20030626,985.82
20030627,976.22
20030630,974.50
20030701,982.32
20030702,993.76
20030703,985.70
20030707,1004.42
20030708,1007.84
20030709,1002.21
20030710,988.70
20030711,998.14
20030714,1003.86
20030715,1000.42
20030716,994.00
20030717,981.73
20030718,993.32
20030721,978.80
20030722,988.11
20030723,988.61
20030724,981.60
20030725,998.68
20030728,996.52
20030729,989.28
20030730,987.49
20030731,990.31
20030801,980.15
20030804,982.82
20030805,965.46
20030806,967.08
20030807,974.12
20030808,977.59
20030811,980.59
20030812,990.35
20030813,984.03
20030814,990.51
20030815,990.67
20030818,999.74
20030819,1002.35
20030820,1000.30
20030821,1003.27
20030822,993.06
20030825,993.71
20030826,996.73
20030827,996.79
20030828,1002.84
20030829,1008.01
20030902,1021.99
20030903,1026.27
20030904,1027.97
20030905,1021.39
20030908,1031.64
20030909,1023.17
20030910,1010.92
20030911,1016.42
20030912,1018.63
20030915,1014.81
20030916,1029.32
20030917,1025.97
20030918,1039.58
20030919,1036.30
20030922,1022.82
20030923,1029.03
20030924,1009.38
20030925,1003.27
20030926,996.85
20030929,1006.58
20030930,995.97
20031001,1018.22
20031002,1020.24
20031003,1029.85
20031006,1034.35
20031007,1039.25
20031008,1033.78
20031009,1038.73
20031010,1038.06
20031013,1045.35
20031014,1049.48
20031015,1046.76
20031016,1050.07
20031017,1039.32
20031020,1044.68
20031021,1046.03
20031022,1030.36
20031023,1033.77
20031024,1028.91
20031027,1031.13
20031028,1046.79
20031029,1048.11
20031030,1046.94
20031031,1050.71
20031103,1059.02
20031104,1053.25
20031105,1051.81
20031106,1058.05
20031107,1053.21
20031110,1047.11
20031111,1046.57
20031112,1058.56
20031113,1058.41
20031114,1050.35
20031117,1043.63
20031118,1034.15
20031119,1042.44
20031120,1033.65
20031121,1035.28
20031124,1052.08
20031125,1053.89
20031126,1058.45
20031128,1058.20
20031201,1070.12
20031202,1066.62
20031203,1064.73
20031204,1069.72
20031205,1061.50
20031208,1069.30
20031209,1060.18
20031210,1059.05
20031211,1071.21
20031212,1074.14
20031215,1068.04
20031216,1075.13
20031217,1076.48
20031218,1089.18
20031219,1088.67
20031222,1092.94
20031223,1096.02
20031224,1094.04
20031226,1095.89
20031229,1109.48
20031230,1109.64
20031231,1111.92
20040102,1108.48
20040105,1122.22
20040106,1123.67
20040107,1126.33
20040108,1131.92
20040109,1121.86
20040112,1127.23
20040113,1121.22
20040114,1130.52
20040115,1132.05
20040116,1139.83
20040120,1138.77
20040121,1147.62
20040122,1143.94
20040123,1141.55
20040126,1155.37
20040127,1144.05
20040128,1128.48
20040129,1134.11
20040130,1131.13
20040202,1135.26
20040203,1136.03
20040204,1126.52
20040205,1128.59
20040206,1142.76
20040209,1139.81
20040210,1145.54
20040211,1157.76
20040212,1152.11
20040213,1145.81
20040217,1156.99
20040218,1151.82
20040219,1147.06
20040220,1144.11
20040223,1140.99
20040224,1139.09
20040225,1143.67
20040226,1144.91
20040227,1144.94
20040301,1155.96
20040302,1149.10
20040303,1151.04
20040304,1154.88
20040305,1156.87
20040308,1147.21
20040309,1140.58
20040310,1123.89
20040311,1106.78
20040312,1120.57
20040315,1104.49
20040316,1110.70
20040317,1123.75
20040318,1122.32
20040319,1109.78
20040322,1095.40
20040323,1093.95
20040324,1091.33
20040325,1109.19
20040326,1108.06
20040329,1122.47
20040330,1127.00
20040331,1126.21
20040401,1132.17
20040402,1141.81
20040405,1150.57
20040406,1148.16
20040407,1140.53
20040408,1139.32
20040412,1145.20
20040413,1129.44
20040414,1128.17
20040415,1128.84
20040416,1134.61
20040419,1135.82
20040420,1118.15
20040421,1124.09
20040422,1139.93
20040423,1140.60
20040426,1135.53
20040427,1138.11
20040428,1122.41
20040429,1113.89
20040430,1107.30
20040503,1117.49
20040504,1119.55
20040505,1121.53
20040506,1113.99
20040507,1098.70
20040510,1087.12
20040511,1095.45
20040512,1097.28
20040513,1096.44
20040514,1095.70
20040517,1084.10
20040518,1091.49
20040519,1088.68
20040520,1089.19
20040521,1093.56
20040524,1095.41
20040525,1113.05
20040526,1114.94
20040527,1121.28
20040528,1120.68
20040601,1121.20
20040602,1124.99
20040603,1116.64
20040604,1122.50
20040607,1140.42
20040608,1142.18
20040609,1131.33
20040610,1136.47
20040614,1125.29
20040615,1132.01
20040616,1133.56
20040617,1132.05
20040618,1135.02
20040621,1130.30
20040622,1134.41
20040623,1144.06
20040624,1140.65
20040625,1134.43
20040628,1133.35
20040629,1136.20
20040630,1140.84
20040701,1128.94
20040702,1125.38
20040706,1116.21
20040707,1118.33
20040708,1109.11
20040709,1112.81
20040712,1114.35
20040713,1115.14
20040714,1111.47
20040715,1106.69
20040716,1101.39
20040719,1100.90
20040720,1108.67
20040721,1093.88
20040722,1096.84
20040723,1086.20
20040726,1084.06
20040727,1094.83
20040728,1095.42
20040729,1100.43
20040730,1101.72
20040802,1106.62
20040803,1099.69
20040804,1098.63
20040805,1080.70
20040806,1063.97
20040809,1065.22
20040810,1079.04
20040811,1075.79
20040812,1063.23
20040813,1064.80
20040816,1079.34
20040817,1081.71
20040818,1095.17
20040819,1091.23
20040820,1098.35
20040823,1095.68
20040824,1096.19
20040825,1104.96
20040826,1105.09
20040827,1107.77
20040830,1099.15
20040831,1104.24
20040901,1105.91
20040902,1118.31
20040903,1113.63
20040907,1121.30
20040908,1116.27
20040909,1118.38
20040910,1123.92
20040913,1125.82
20040914,1128.33
20040915,1120.37
20040916,1123.50
20040917,1128.55
20040920,1122.20
20040921,1129.30
20040922,1113.56
20040923,1108.36
20040924,1110.11
20040927,1103.52
20040928,1110.06
20040929,1114.80
20040930,1114.58
20041001,1131.50
20041004,1135.17
20041005,1134.48
20041006,1142.05
20041007,1130.65
20041008,1122.14
20041011,1124.39
20041012,1121.84
20041013,1113.65
20041014,1103.29
20041015,1108.20
20041018,1114.02
20041019,1103.23
20041020,1103.66
20041021,1106.49
20041022,1095.74
20041025,1094.81
20041026,1111.09
20041027,1125.40
20041028,1127.44
20041029,1130.20
20041101,1130.51
20041102,1130.54
20041103,1143.20
20041104,1161.67
20041105,1166.17
20041108,1164.89
20041109,1164.08
20041110,1162.91
20041111,1173.48
20041112,1184.17
20041115,1183.81
20041116,1175.43
20041117,1181.94
20041118,1183.55
20041119,1170.34
20041122,1177.24
20041123,1176.94
20041124,1181.76
20041126,1182.65
20041129,1178.57
20041130,1173.82
20041201,1191.37
20041202,1190.33
20041203,1191.17
20041206,1190.25
20041207,1177.07
20041208,1182.81
20041209,1189.24
20041210,1188.00
20041213,1198.68
20041214,1203.38
20041215,1205.72
20041216,1203.21
20041217,1194.22
20041220,1194.65
20041221,1205.45
20041222,1209.57
20041223,1210.13
20041227,1204.92
20041228,1213.54
20041229,1213.45
20041230,1213.55
20041231,1211.92
20050103,1202.08
20050104,1188.05
20050105,1183.74
20050106,1187.89
20050107,1186.19
20050110,1190.25
20050111,1182.99
20050112,1187.70
20050113,1177.45
20050114,1184.52
20050118,1195.98
20050119,1184.63
20050120,1175.41
20050121,1167.87
20050124,1163.75
20050125,1168.41
20050126,1174.07
20050127,1174.55
20050128,1171.36
20050131,1181.27
20050201,1189.41
20050202,1193.19
20050203,1189.89
20050204,1203.03
20050207,1201.72
20050208,1202.30
20050209,1191.99
20050210,1197.01
20050211,1205.30
20050214,1206.14
20050215,1210.12
20050216,1210.34
20050217,1200.75
20050218,1201.59
20050222,1184.16
20050223,1190.80
20050224,1200.20
20050225,1211.37
20050228,1203.60
20050301,1210.41
20050302,1210.08
20050303,1210.47
20050304,1222.12
20050307,1225.31
20050308,1219.43
20050309,1207.01
20050310,1209.25
20050311,1200.08
20050314,1206.83
20050315,1197.75
20050316,1188.07
20050317,1190.21
20050318,1189.65
20050321,1183.78
20050322,1171.71
20050323,1172.53
20050324,1171.42
20050328,1174.28
20050329,1165.36
20050330,1181.41
20050331,1180.59
20050401,1172.92
20050404,1176.12
20050405,1181.39
20050406,1184.07
20050407,1191.14
20050408,1181.20
20050411,1181.21
20050412,1187.76
20050413,1173.79
20050414,1162.05
20050415,1142.62
20050418,1145.98
20050419,1152.78
20050420,1137.50
20050421,1159.95
20050422,1152.12
20050425,1162.10
20050426,1151.74
20050427,1156.38
20050428,1143.22
20050429,1156.85
20050502,1162.16
20050503,1161.17
20050504,1175.65
20050505,1172.63
20050506,1171.35
20050509,1178.84
20050510,1166.22
20050511,1171.11
20050512,1159.36
20050513,1154.05
20050516,1165.69
20050517,1173.80
20050518,1185.56
20050519,1191.08
20050520,1189.28
20050523,1193.86
20050524,1194.07
20050525,1190.01
20050526,1197.62
20050527,1198.78
20050531,1191.50
20050601,1202.27
20050602,1204.29
20050603,1196.02
20050606,1197.51
20050607,1197.26
20050608,1194.67
20050609,1200.93
20050610,1198.11
20050613,1200.82
20050614,1203.91
20050615,1206.58
20050616,1210.96
20050617,1216.96
20050620,1216.10
20050621,1213.61
20050622,1213.88
20050623,1200.73
20050624,1191.57
20050627,1190.69
20050628,1201.57
20050629,1199.85
20050630,1191.33
20050701,1194.44
20050705,1204.99
20050706,1194.94
20050707,1197.87
20050708,1211.86
20050711,1219.44
20050712,1222.21
20050713,1223.29
20050714,1226.50
20050715,1227.92
20050718,1221.13
20050719,1229.35
20050720,1235.20
20050721,1227.04
20050722,1233.68
20050725,1229.03
20050726,1231.16
20050727,1236.79
20050728,1243.72
20050729,1234.18
20050801,1235.35
20050802,1244.12
20050803,1245.04
20050804,1235.86
20050805,1226.42
20050808,1223.13
20050809,1231.38
20050810,1229.13
20050811,1237.81
20050812,1230.39
20050815,1233.87
20050816,1219.34
20050817,1220.24
20050818,1219.02
20050819,1219.71
20050822,1221.73
20050823,1217.57
20050824,1209.59
20050825,1212.39
20050826,1205.10
20050829,1212.28
20050830,1208.41
20050831,1220.33
20050901,1221.59
20050902,1218.02
20050906,1233.39
20050907,1236.36
20050908,1231.67
20050909,1241.48
20050912,1240.56
20050913,1231.20
20050914,1227.16
20050915,1227.73
20050916,1237.91
20050919,1231.02
20050920,1221.34
20050921,1210.20
20050922,1214.62
20050923,1215.29
20050926,1215.63
20050927,1215.66
20050928,1216.89
20050929,1227.68
20050930,1228.81
20051003,1226.70
20051004,1214.47
20051005,1196.39
20051006,1191.49
20051007,1195.90
20051010,1187.33
20051011,1184.87
20051012,1177.68
20051013,1176.84
20051014,1186.57
20051017,1190.10
20051018,1178.14
20051019,1195.76
20051020,1177.80
20051021,1179.59
20051024,1199.38
20051025,1196.54
20051026,1191.38
20051027,1178.90
20051028,1198.41
20051031,1207.01
20051101,1202.76
20051102,1214.76
20051103,1219.94
20051104,1220.14
20051107,1222.81
20051108,1218.59
20051109,1220.65
20051110,1230.96
20051111,1234.72
20051114,1233.76
20051115,1229.01
20051116,1231.21
20051117,1242.80
20051118,1248.27
20051121,1254.85
20051122,1261.23
20051123,1265.61
20051125,1268.25
20051128,1257.46
20051129,1257.48
20051130,1249.48
20051201,1264.67
20051202,1265.08
20051205,1262.09
20051206,1263.70
20051207,1257.37
20051208,1255.84
20051209,1259.37
20051212,1260.43
20051213,1267.43
20051214,1272.74
20051215,1270.94
20051216,1267.32
20051219,1259.92
20051220,1259.62
20051221,1262.79
20051222,1268.12
20051223,1268.66
20051227,1256.54
20051228,1258.17
20051229,1254.42
20051230,1248.29
20060103,1268.80
20060104,1273.46
20060105,1273.48
20060106,1285.45
20060109,1290.15
20060110,1289.69
20060111,1294.18
20060112,1286.06
20060113,1287.61
20060117,1282.93
20060118,1277.93
20060119,1285.04
20060120,1261.49
20060123,1263.82
20060124,1266.86
20060125,1264.68
20060126,1273.83
20060127,1283.72
20060130,1285.20
20060131,1280.08
20060201,1282.46
20060202,1270.84
20060203,1264.03
20060206,1265.02
20060207,1254.78
20060208,1265.65
20060209,1263.78
20060210,1266.99
20060213,1262.86
20060214,1275.53
20060215,1280.00
20060216,1289.38
20060217,1287.24
20060221,1283.03
20060222,1292.67
20060223,1287.79
20060224,1289.43
20060227,1294.12
20060228,1280.66
20060301,1291.24
20060302,1289.14
20060303,1287.23
20060306,1278.26
20060307,1275.88
20060308,1278.47
20060309,1272.23
20060310,1281.58
20060313,1284.13
20060314,1297.48
20060315,1303.02
20060316,1305.33
20060317,1307.25
20060320,1305.08
20060321,1297.23
20060322,1305.04
20060323,1301.67
20060324,1302.95
20060327,1301.61
20060328,1293.23
20060329,1302.89
20060330,1300.25
20060331,1294.83
20060403,1297.81
20060404,1305.93
20060405,1311.56
20060406,1309.04
20060407,1295.50
20060410,1296.60
20060411,1286.57
20060412,1288.12
20060413,1289.12
20060417,1285.33
20060418,1307.65
20060419,1309.93
20060420,1311.46
20060421,1311.28
20060424,1308.11
20060425,1301.74
20060426,1305.41
20060427,1309.72
20060428,1310.61
20060501,1305.19
20060502,1313.21
20060503,1307.85
20060504,1312.25
20060505,1325.76
20060508,1324.66
20060509,1325.14
20060510,1322.85
20060511,1305.92
20060512,1291.24
20060515,1294.50
20060516,1292.08
20060517,1270.32
20060518,1261.81
20060519,1267.03
20060522,1262.07
20060523,1256.58
20060524,1258.57
20060525,1272.88
20060526,1280.16
20060530,1259.84
20060531,1270.09
20060601,1285.71
20060602,1288.22
20060605,1265.29
20060606,1263.85
20060607,1256.15
20060608,1257.93
20060609,1252.30
20060612,1236.40
20060613,1223.69
20060614,1230.04
20060615,1256.16
20060616,1251.54
20060619,1240.14
20060620,1240.12
20060621,1252.20
20060622,1245.60
20060623,1244.50
20060626,1250.56
20060627,1239.20
20060628,1246.00
20060629,1272.87
20060630,1270.20
20060703,1280.19
20060705,1270.91
20060706,1274.08
20060707,1265.48
20060710,1267.34
20060711,1272.52
20060712,1258.60
20060713,1242.29
20060714,1236.20
20060717,1234.49
20060718,1236.86
20060719,1259.81
20060720,1249.13
20060721,1240.29
20060724,1260.91
20060725,1268.88
20060726,1268.40
20060727,1263.20
20060728,1278.55
20060731,1276.66
20060801,1270.92
20060802,1278.55
20060803,1280.27
20060804,1279.36
20060807,1275.77
20060808,1271.48
20060809,1265.95
20060810,1271.81
20060811,1266.74
20060814,1268.21
20060815,1285.58
20060816,1295.43
20060817,1297.48
20060818,1302.30
20060821,1297.52
20060822,1298.82
20060823,1292.99
20060824,1296.06
20060825,1295.09
20060828,1301.78
20060829,1304.28
20060830,1304.27
20060831,1303.82
20060901,1311.01
20060905,1313.25
20060906,1300.26
20060907,1294.02
20060908,1298.92
20060911,1299.54
20060912,1313.11
20060913,1318.07
20060914,1316.28
20060915,1319.87
20060918,1321.18
20060919,1318.31
20060920,1325.18
20060921,1318.03
20060922,1314.78
20060925,1326.37
20060926,1336.34
20060927,1336.59
20060928,1339.15
20060929,1335.85
20061002,1331.32
20061003,1334.11
20061004,1350.22
20061005,1353.22
20061006,1349.58
20061009,1350.66
20061010,1353.42
20061011,1349.95
20061012,1362.83
20061013,1365.62
20061016,1369.05
20061017,1364.05
20061018,1365.96
20061019,1366.96
20061020,1368.60
20061023,1377.02
20061024,1377.38
20061025,1382.22
20061026,1389.08
20061027,1377.34
20061030,1377.93
20061031,1377.94
20061101,1367.81
20061102,1367.34
20061103,1364.30
20061106,1379.78
20061107,1382.84
20061108,1385.72
20061109,1378.33
20061110,1380.90
20061113,1384.42
20061114,1393.22
20061115,1396.57
20061116,1399.76
20061117,1401.20
20061120,1400.50
20061121,1402.81
20061122,1406.09
20061124,1400.95
20061127,1381.90
20061128,1386.72
20061129,1399.48
20061130,1400.63
20061201,1396.71
20061204,1409.12
20061205,1414.76
20061206,1412.90
20061207,1407.29
20061208,1409.84
20061211,1413.04
20061212,1411.56
20061213,1413.21
20061214,1425.49
20061215,1427.09
20061218,1422.48
20061219,1425.55
20061220,1423.53
20061221,1418.30
20061222,1410.76
20061226,1416.90
20061227,1426.84
20061228,1424.73
20061229,1418.30
20070103,1416.60
20070104,1418.34
20070105,1409.71
20070108,1412.84
20070109,1412.11
20070110,1414.85
20070111,1423.82
20070112,1430.73
20070116,1431.90
20070117,1430.62
20070118,1426.37
20070119,1430.50
20070122,1422.95
20070123,1427.99
20070124,1440.13
20070125,1423.90
20070126,1422.18
20070129,1420.62
20070130,1428.82
20070131,1438.24
20070201,1445.94
20070202,1448.39
20070205,1446.99
20070206,1448.00
20070207,1450.02
20070208,1448.31
20070209,1438.06
20070212,1433.37
20070213,1444.26
20070214,1455.30
20070215,1456.81
20070216,1455.54
20070220,1459.68
20070221,1457.63
20070222,1456.38
20070223,1451.19
20070226,1449.37
20070227,1399.04
20070228,1406.82
20070301,1403.17
20070302,1387.17
20070305,1374.12
20070306,1395.41
20070307,1391.97
20070308,1401.89
20070309,1402.85
20070312,1406.60
20070313,1377.95
20070314,1387.17
20070315,1392.28
20070316,1386.95
20070319,1402.06
20070320,1410.94
20070321,1435.04
20070322,1434.54
20070323,1436.11
20070326,1437.50
20070327,1428.61
20070328,1417.23
20070329,1422.53
20070330,1420.86
20070402,1424.55
20070403,1437.77
20070404,1439.37
20070405,1443.76
20070409,1444.61
20070410,1448.39
20070411,1438.87
20070412,1447.80
20070413,1452.85
20070416,1468.47
20070417,1471.48
20070418,1472.50
20070419,1470.73
20070420,1484.35
20070423,1480.93
20070424,1480.41
20070425,1495.42
20070426,1494.25
20070427,1494.07
20070430,1482.37
20070501,1486.30
20070502,1495.92
20070503,1502.39
20070504,1505.62
20070507,1509.48
20070508,1507.72
20070509,1512.58
20070510,1491.47
20070511,1505.85
20070514,1503.15
20070515,1501.19
20070516,1514.14
20070517,1512.75
20070518,1522.75
20070521,1525.10
20070522,1524.12
20070523,1522.28
20070524,1507.51
20070525,1515.73
20070529,1518.11
20070530,1530.23
20070531,1530.62
20070601,1536.34
20070604,1539.18
20070605,1530.95
20070606,1517.38
20070607,1490.72
20070608,1507.67
20070611,1509.12
20070612,1493.00
20070613,1515.67
20070614,1522.97
20070615,1532.91
20070618,1531.05
20070619,1533.70
20070620,1512.84
20070621,1522.19
20070622,1502.56
20070625,1497.74
20070626,1492.89
20070627,1506.34
20070628,1505.71
20070629,1503.35
20070702,1519.43
20070703,1524.87
20070705,1525.40
20070706,1530.44
20070709,1531.85
20070710,1510.12
20070711,1518.76
20070712,1547.70
20070713,1552.50
20070716,1549.52
20070717,1549.37
20070718,1546.17
20070719,1553.08
20070720,1534.10
20070723,1541.57
20070724,1511.04
20070725,1518.09
20070726,1482.66
20070727,1458.95
20070730,1473.91
20070731,1455.27
20070801,1465.81
20070802,1472.20
20070803,1433.06
20070806,1467.67
20070807,1476.71
20070808,1497.49
20070809,1453.09
20070810,1453.64
20070813,1452.92
20070814,1426.54
20070815,1406.70
20070816,1411.27
20070817,1445.94
20070820,1445.55
20070821,1447.12
20070822,1464.07
20070823,1462.50
20070824,1479.37
20070827,1466.79
20070828,1432.36
20070829,1463.76
20070830,1457.64
20070831,1473.99
20070904,1489.42
20070905,1472.29
20070906,1478.55
20070907,1453.55
20070910,1451.70
20070911,1471.49
20070912,1471.56
20070913,1483.95
20070914,1484.25
20070917,1476.65
20070918,1519.78
20070919,1529.03
20070920,1518.75
20070921,1525.75
20070924,1517.73
20070925,1517.21
20070926,1525.42
20070927,1531.38
20070928,1526.75
20071001,1547.04
20071002,1546.63
20071003,1539.59
20071004,1542.84
20071005,1557.59
20071008,1552.58
20071009,1565.15
20071010,1562.47
20071011,1554.41
20071012,1561.80
20071015,1548.71
20071016,1538.53
20071017,1541.24
20071018,1540.08
20071019,1500.63
20071022,1506.33
20071023,1519.59
20071024,1515.88
20071025,1514.40
20071026,1535.28
20071029,1540.98
20071030,1531.02
20071031,1549.38
20071101,1508.44
20071102,1509.65
20071105,1502.17
20071106,1520.27
20071107,1475.62
20071108,1474.77
20071109,1453.70
20071112,1439.18
20071113,1481.05
20071114,1470.58
20071115,1451.15
20071116,1458.74
20071119,1433.27
20071120,1439.70
20071121,1416.77
20071123,1440.70
20071126,1407.22
20071127,1428.23
20071128,1469.02
20071129,1469.72
20071130,1481.14
20071203,1472.42
20071204,1462.79
20071205,1485.01
20071206,1507.34
20071207,1504.66
20071210,1515.96
20071211,1477.65
20071212,1486.59
20071213,1488.41
20071214,1467.95
20071217,1445.90
20071218,1454.98
20071219,1453.00
20071220,1460.12
20071221,1484.46
20071224,1496.45
20071226,1497.66
20071227,1476.37
20071228,1478.49
20071231,1468.36
20080102,1447.16
20080103,1447.16
20080104,1411.63
20080107,1416.18
20080108,1390.19
20080109,1409.13
20080110,1420.33
20080111,1401.02
20080114,1416.25
20080115,1380.95
20080116,1373.20
20080117,1333.25
20080118,1325.19
20080122,1310.50
20080123,1338.60
20080124,1352.07
20080125,1330.61
20080128,1353.97
20080129,1362.30
20080130,1355.81
20080131,1378.55
20080201,1395.42
20080204,1380.82
20080205,1336.64
20080206,1326.45
20080207,1336.91
20080208,1331.29
20080211,1339.13
20080212,1348.86
20080213,1367.21
20080214,1348.86
20080215,1349.99
20080219,1348.78
20080220,1360.03
20080221,1342.53
20080222,1353.11
20080225,1371.80
20080226,1381.29
20080227,1380.02
20080228,1367.68
20080229,1330.63
20080303,1331.34
20080304,1326.75
20080305,1333.70
20080306,1304.34
20080307,1293.37
20080310,1273.37
20080311,1320.65
20080312,1308.77
20080313,1315.48
20080314,1288.14
20080317,1276.60
20080318,1330.74
20080319,1298.42
20080320,1329.51
20080324,1349.88
20080325,1352.99
20080326,1341.13
20080327,1325.76
20080328,1315.22
20080331,1322.70
